﻿<?xml version="1.0"?>
<doc>
<assembly>
<name>
Volvo.Dotad.Authorization
</name>
</assembly>
<members>
<member name="T:Volvo.Dotad.Authorization.ActiveDirectoryAccess">
 <summary>
 ActiveDirectoryAccess is a class for accessing the Active Directory by using the LDAP.
 It could be used for authentication in an application logon procedure.
 It is also possible to retrive all information about users in the Active Directory.
 </summary>
 <remarks>
 ActiveDirectoryAccess supports secure logon (SSL 128-bits encryption). This requires a valid 
 certificate to be installed on the computer. 
 This class supports rootDSE as search path. This Requires the computer to be a 
 member of the Active Directory.
 </remarks>
</member>
<member name="M:Volvo.Dotad.Authorization.ActiveDirectoryAccess.#ctor">
 <summary>
 This constructor creates an instance of class DirectoryEntry
 </summary>
</member>
<member name="M:Volvo.Dotad.Authorization.ActiveDirectoryAccess.LoginAsADMember(System.String,System.String)">
 <summary>
 The purpose of this method is to login to the Active Directory. And can
 be used to validate the user's password.
 </summary>
 <remarks>
 The computer must be a member of the Active Directory.
 </remarks>
 <param name="userName">The security ID used in Volvo. Ex. V0xxxxx</param>
 <param name="password">The users password</param>
 <returns>Returns True if logon succeeded</returns>
</member>
<member name="M:Volvo.Dotad.Authorization.ActiveDirectoryAccess.LoginEncrypted(System.String,System.String)">
 <summary>
 The purpose of this method is to login to the Active Directory. And can
 be used to validate the user's password.
 </summary>
 <remarks>
 SSL 128-bit encryption is used. Volvo certificate must be installed on the computer.
 </remarks>
 <param name="userName">The security ID used in Volvo. Ex. V0xxxxx</param>
 <param name="password">The users password</param>
 <returns>Returns True if logon succeeded</returns>
</member>
<member name="M:Volvo.Dotad.Authorization.ActiveDirectoryAccess.LoginNoEncryption(System.String,System.String)">
 <summary>
 The purpose of this method is to login to the Active Directory. And can
 be used to validate the user's password.
 </summary>
 <remarks>
 No encryption is used
 </remarks>
 <param name="userName">The security ID used in Volvo. Ex. V0xxxxx</param>
 <param name="password">The users password</param>
 <returns>Returns True if logon succeeded</returns>
</member>
<member name="M:Volvo.Dotad.Authorization.ActiveDirectoryAccess.LoginNoEncryption(System.String,System.String,System.String)">
 <summary>
 The purpose of this method is to login to the Active Directory. And can
 be used to validate the user's password.
 </summary>
 <remarks>
 No encryption is used. Possible to define a specific LDAP string.
 </remarks>
 <param name="userName">The security ID used in Volvo. Ex. V0xxxxx</param>
 <param name="password">The users password</param>
 <param name="LDAPString">A string containg the complete LDAP search patch</param>
 <returns>Returns True if logon succeeded</returns>
</member>
<member name="M:Volvo.Dotad.Authorization.ActiveDirectoryAccess.LogOff">
 <summary>
 The purpose of this method is to login off the Active Directory
 </summary>
</member>
<member name="M:Volvo.Dotad.Authorization.ActiveDirectoryAccess.FindADUser(System.String)">
 <summary>
 The purpose of this method is to fnid a user in the Active Directory.
 </summary>
 <param name="userName">The security ID used in Volvo. Ex. V0xxxxx</param>
 <exception cref="T:Volvo.Dotad.Authorization.ADAccessException"> 
 If error when logging on to Active Directory this exception is thrown.
 </exception>
 <returns>Returns True if user is found</returns>
</member>
<member name="M:Volvo.Dotad.Authorization.ActiveDirectoryAccess.FindADUserByName(System.String)">
 <summary>
 The purpose of this method is to fnid a user in the Active Directory.
 </summary>
 <param name="userName">The part of name Ex. Johansson</param>
 <exception cref="T:Volvo.Dotad.Authorization.ADAccessException"> 
 If error when logging on to Active Directory this exception is thrown.
 </exception>
 <returns>Returns True if user is found</returns>
</member>
<member name="M:Volvo.Dotad.Authorization.ActiveDirectoryAccess.GetStringUserProperty(System.String)">
 <summary>
 The purpose of this method is to return a property value for the Active Directory user.
 </summary>
 <remarks>
 This requires that the user has been logged in to the Active Directory. The type
 of the property value has to be a string.
 </remarks>
 <param name="propertyName">The name of the property in Active Directory</param>
 <exception cref="T:Volvo.Dotad.Authorization.ADStringCastException"> 
 If not a string property this exception is thrown.
 </exception>
 <returns>Returns a string with the property value. </returns>
</member>
<member name="M:Volvo.Dotad.Authorization.ActiveDirectoryAccess.GetObjectUserProperty(System.String)">
 <summary>
 The purpose of this method is to return a property value for the Active Directory user.
 </summary>
 <remarks>
 This requires that the user has been logged in to the Active Directory.
 </remarks>
 <param name="propertyName">The name of the property in Active Directory</param>
 <returns>Returns a object with the property value. </returns>
</member>
<member name="M:Volvo.Dotad.Authorization.ActiveDirectoryAccess.GetUserFirstname">
 <summary>
 The purpose of this method is to return the users first name.
 </summary>
 <returns>Returns the users first name.</returns>
</member>
<member name="M:Volvo.Dotad.Authorization.ActiveDirectoryAccess.GetUserSurname">
 <summary>
 The purpose of this method is to return the users surname.
 </summary>
 <returns>Returns the users surname.</returns>
</member>
<member name="M:Volvo.Dotad.Authorization.ActiveDirectoryAccess.GetUserDisplayName">
 <summary>
 The purpose of this method is to return the users display name.
 </summary>
 <returns>Returns the users display name.</returns>
</member>
<member name="M:Volvo.Dotad.Authorization.ActiveDirectoryAccess.GetUserInitials">
 <summary>
 The purpose of this method is to return the users initials.
 </summary>
 <returns>Returns the users initials.</returns>
</member>
<member name="M:Volvo.Dotad.Authorization.ActiveDirectoryAccess.GetUserMailAddress">
 <summary>
 The purpose of this method is to return the users mail address.
 </summary>
 <returns>Returns the users mail address.</returns>
</member>
<member name="M:Volvo.Dotad.Authorization.ActiveDirectoryAccess.GetUserCity">
 <summary>
 The purpose of this method is to return the city where the users is living.
 </summary>
 <returns>Returns the city.</returns>
</member>
<member name="M:Volvo.Dotad.Authorization.ActiveDirectoryAccess.GetUserOffice">
 <summary>
 The purpose of this method is to return the city where the users is living.
 </summary>
 <returns>Returns the city.</returns>
</member>
<member name="M:Volvo.Dotad.Authorization.ActiveDirectoryAccess.GetUserCountry">
 <summary>
 The purpose of this method is to return the country where the users is living.
 </summary>
 <returns>Returns the country.</returns>
</member>
<member name="M:Volvo.Dotad.Authorization.ActiveDirectoryAccess.GetUserTelephoneNumber">
 <summary>
 The purpose of this method is to return the users telephone number.
 </summary>
 <returns>Returns the telephone number.</returns>
</member>
<member name="M:Volvo.Dotad.Authorization.ActiveDirectoryAccess.GetUserCompany">
 <summary>
 The purpose of this method is to return the company where the user is working.
 </summary>
 <returns>Returns the company.</returns>
</member>
<member name="M:Volvo.Dotad.Authorization.ActiveDirectoryAccess.GetUserPostaladdress">
 <summary>
 The purpose of this method is to return the users address.
 </summary>
 <returns>Returns the address.</returns>
</member>
<member name="M:Volvo.Dotad.Authorization.ActiveDirectoryAccess.GetUserDepartment">
 <summary>
 The purpose of this method is to return the department where the user is working.
 </summary>
 <returns>Returns the department.</returns>
</member>
<member name="M:Volvo.Dotad.Authorization.ActiveDirectoryAccess.GetUserFax">
 <summary>
 The purpose of this method is to return the Fax where the user is working.
 </summary>
 <returns>Returns the Fax.</returns>
</member>
<member name="M:Volvo.Dotad.Authorization.ActiveDirectoryAccess.ListAllProperties">
 <summary>
     Lists all properties in the AD for a user
 </summary>
 <returns>Returns an ArrayList with all properties and their values.</returns>
</member>
<member name="M:Volvo.Dotad.Authorization.ActiveDirectoryAccess.FetchAllProperties">
 <summary>
 The purpose of this method is to return a string with all properties and their values
 </summary>
 <returns>Returns string with all properties.</returns>
</member>
<member name="M:Volvo.Dotad.Authorization.ActiveDirectoryAccess.FindUser(System.String)">
 <summary>
 The purpose of this method is to login to the Active Directory. And find the user.
 </summary>
 <param name="userName">The security ID used in Volvo. Ex. V0xxxxx</param>
 <exception cref="T:Volvo.Dotad.Authorization.ADAccessException"> 
 If error when logging on to Active Directory this exceprion is thrown.
 </exception>
 <returns>Returns True if logon succeeded</returns>
</member>
<member name="M:Volvo.Dotad.Authorization.ActiveDirectoryAccess.FindUserByLogonUserID(System.String)">
 <summary>
 The purpose of this method is to login to the Active Directory. And find the user.
 </summary>
 <param name="strUserName">The security ID used in Volvo. Ex. V0xxxxx</param>
 <exception cref="T:Volvo.Dotad.Authorization.ADAccessException"> 
 If error when logging on to Active Directory this exceprion is thrown.
 </exception>
 <returns>Returns True if logon succeeded</returns>
</member>
<member name="M:Volvo.Dotad.Authorization.ActiveDirectoryAccess.FindUserByName(System.String)">
 <summary>
 The purpose of this method is to login to the Active Directory. And find the user.
 </summary>
 <param name="userName">The security ID used in Volvo. Ex. V0xxxxx</param>
 <exception cref="T:Volvo.Dotad.Authorization.ADAccessException"> 
 If error when logging on to Active Directory this exceprion is thrown.
 </exception>
 <returns>Returns True if logon succeeded</returns>
</member>
<member name="M:Volvo.Dotad.Authorization.ActiveDirectoryAccess.GetUserProperty(System.String)">
 <summary>
 The purpose of this method is get the property value for the logged in user.
 </summary>
 <param name="propertyName">The name of the property.</param>
 <exception cref="T:Volvo.Dotad.Authorization.ADPropertyException"> 
 If property does not exist or no user is logged on this exception is thrown.
 </exception>
 <returns>Returns an object with the property value.</returns>
</member>
<member name="T:Volvo.Dotad.Authorization.ADAccessException">
 <summary>
 ADAccessException is a class for exceptions occured when logging on to Active Directory.
 </summary>
</member>
<member name="M:Volvo.Dotad.Authorization.ADAccessException.#ctor(System.String)">
 <summary>
 This constructor creates an instance of class DirectoryEntry.
 </summary>
 <param name="message">The error message.</param>
</member>
<member name="M:Volvo.Dotad.Authorization.ADAccessException.#ctor(System.String,System.Exception)">
 <summary>
 This constructor creates an instance of class DirectoryEntry.
 </summary>
 <param name="message">The error message.</param>
 <param name="innerException">The inner exception.</param>
</member>
<member name="M:Volvo.Dotad.Authorization.ADAccessException.#ctor(System.String,System.String,System.Exception)">
 <summary>
 This constructor creates an instance of class DirectoryEntry.
 </summary>
 <param name="message">The error message.</param>
 <param name="userName">The username that tried to logon.</param>
 <param name="innerException">The inner exception.</param>
</member>
<member name="P:Volvo.Dotad.Authorization.ADAccessException.UserName">
 <summary>
 This property contains the username.
 </summary>
 <returns>Returns the username</returns>
</member>
<member name="T:Volvo.Dotad.Authorization.ADPropertyException">
 <summary>
 ADPropertyException is a class for exceptions occured when retrieving property from Active Directory.
 </summary>    
</member>
<member name="M:Volvo.Dotad.Authorization.ADPropertyException.#ctor(System.String)">
 <summary>
 This constructor creates an instance of class DirectoryEntry.
 </summary>
 <param name="message">The error message.</param>
</member>
<member name="M:Volvo.Dotad.Authorization.ADPropertyException.#ctor(System.String,System.Exception)">
 <summary>
 This constructor creates an instance of class DirectoryEntry.
 </summary>
 <param name="message">The error message.</param>
 <param name="innerException">The inner exception.</param>
</member>
<member name="M:Volvo.Dotad.Authorization.ADPropertyException.#ctor(System.String,System.String,System.Exception)">
 <summary>
 This constructor creates an instance of class DirectoryEntry.
 </summary>
 <param name="message">The error message.</param>
 <param name="propertyName">The property name.</param>
 <param name="innerException">The inner exception.</param>
</member>
<member name="P:Volvo.Dotad.Authorization.ADPropertyException.PropertyName">
 <summary>
 This property contains the property name.
 </summary>
 <returns>Returns the property name</returns>
</member>
<member name="T:Volvo.Dotad.Authorization.ADStringCastException">
 <summary>
 ADStringCastException is a class for exceptions occured when casting to string.
 </summary>    
</member>
<member name="M:Volvo.Dotad.Authorization.ADStringCastException.#ctor(System.String)">
 <summary>
 This constructor creates an instance of class DirectoryEntry.
 </summary>
 <param name="message">The error message.</param>       
</member>
<member name="M:Volvo.Dotad.Authorization.ADStringCastException.#ctor(System.String,System.Exception)">
 <summary>
 This constructor creates an instance of class DirectoryEntry.
 </summary>
 <param name="message">The error message.</param>
 <param name="innerException">The inner exception.</param>
</member>
<member name="T:Volvo.Dotad.Authorization.VCNUserInfo">
 <summary>
 Incapsulates the call to ActiveDirectoryAccess and wrap all method calls to properties.
 </summary>
 <remarks>
 If multiple users should be called, use the constructor with 2 params and call the "Refresh" method
 between calls. [v0c7466] Nils Odéhn (Castra) 2007-12-10
 </remarks>
</member>
<member name="M:Volvo.Dotad.Authorization.VCNUserInfo.#ctor(System.String,System.String)">
 <summary>
 if this contructor is used, you need to call the "Refresh" method
 </summary>
 <param name="strAdUser"></param>
 <param name="strAdPassword"></param>
 <remarks></remarks>
 <history>
    [v0c7466] Nils Odéhn (Castra) Created
 </history>
</member>
<member name="M:Volvo.Dotad.Authorization.VCNUserInfo.Refresh(System.String)">
 <summary>
 Refreshes this object (reads new info from AD for the vcnid and populates the properties)
 </summary>
 <param name="strVCNId">VCN ID of the user we want to read info about.</param>
 <remarks></remarks>
 <history>
    [v0c7466] Nils Odéhn (Castra) 2007-12-10 Created
 </history>
</member>
<member name="M:Volvo.Dotad.Authorization.VCNUserInfo.CreateADInstance(System.String,System.String)">
 <summary>
 Creates an instance to the ActiveDirectoryAccess class
 </summary>
 <param name="strAdUser">Username logging in to AD</param>
 <param name="strAdPassword">Password logging in to AD</param>
 <remarks></remarks>
 <history>
    [v0c7466] Nils Odéhn (Castra) 2007-12-10 Created
 </history>
</member>
</members>
</doc>
